<?xml version="1.0" encoding="UTF-8"?>
<beans xmlns="http://www.springframework.org/schema/beans"
	xmlns:xsi="http://www.w3.org/2001/XMLSchema-instance"
	xmlns:mybatis-spring="http://mybatis.org/schema/mybatis-spring"
	xmlns:context="http://www.springframework.org/schema/context"
	xmlns:c="http://www.springframework.org/schema/c"
	xmlns:tx="http://www.springframework.org/schema/tx"
	xmlns:task="http://www.springframework.org/schema/task"
	xsi:schemaLocation="http://mybatis.org/schema/mybatis-spring http://mybatis.org/schema/mybatis-spring-1.2.xsd
		http://www.springframework.org/schema/task http://www.springframework.org/schema/task/spring-task-4.3.xsd
		http://www.springframework.org/schema/beans https://www.springframework.org/schema/beans/spring-beans.xsd
		http://www.springframework.org/schema/context http://www.springframework.org/schema/context/spring-context-4.3.xsd
		http://www.springframework.org/schema/tx http://www.springframework.org/schema/tx/spring-tx-4.3.xsd">
	
	<!-- Root Context: defines shared resources visible to all other web components -->
	<bean id="hikariConfig" class="com.zaxxer.hikari.HikariConfig">
		<property name="driverClassName" value="net.sf.log4jdbc.sql.jdbcapi.DriverSpy"></property>
		<property name="jdbcUrl" value="jdbc:log4jdbc:oracle:thin:@localhost:1521:XE"></property>
		<property name="username" value="spring"></property>
		<property name="password" value="spring"></property>
	</bean>
	
	<bean id="datasource" class="com.zaxxer.hikari.HikariDataSource" destroy-method="close">
		<constructor-arg ref="hikariConfig"></constructor-arg>
	</bean>
	
	<bean id="sqlSessionFactory" class="org.mybatis.spring.SqlSessionFactoryBean">
		<property name="dataSource" ref="datasource"></property>	
	</bean>
	
	<bean id="mailSender2"
      class="org.springframework.mail.javamail.JavaMailSenderImpl">
      <property name="host" value="smtp.gmail.com" />
      <property name="port" value="587" />
      <property name="username" value="daewoowjsdyd" /> <!-- 자신의 이메일 아이디 -->
      <property name="password" value="jfcr lizs sbqy mpsu" /> <!-- 자신의 비밀번호 -->
      <!-- 보안연결 TLS과 관련된 설정 -->
      <property name="javaMailProperties">
         <props>
            <prop key="mail.smtp.starttls.enable">true</prop>
            <prop key="mail.smtp.auth">true </prop>
            <prop key="mail.transport.protocol">smtp</prop>
            <prop key="mail.debug">true</prop>
            <prop key="mail.smtp.ssl.trust">smtp.gmail.com</prop>
            <prop key="mail.smtp.ssl.protocols">TLSv1.2</prop>
         </props>
      </property>
    </bean>
   
	<bean id="transactionManager" class="org.springframework.jdbc.datasource.DataSourceTransactionManager">
		<property name="dataSource" ref="datasource"></property>
	</bean>
	
	<tx:annotation-driven />
	<task:annotation-driven/>

	<mybatis-spring:scan base-package="com.vam.mapper"/>
	<context:component-scan base-package="com.vam.sample"></context:component-scan>
	<context:component-scan base-package="com.vam.model"></context:component-scan>
	<context:component-scan base-package="com.vam.service"></context:component-scan>
	<context:component-scan base-package="com.vam.task"></context:component-scan>

</beans>